sku,image,small_image,thumbnail,image_label,small_image_label,thumbnail_label
9666,,,,,,
9668,,,,,,
12283,,,,,,
12284,,,,,,
13275,,,,,,
13276,,,,,,
13277,,,,,,
13287,,,,,,
17014,,,,,,
17122.99,,,,,,
17176,,,,,,
19084,,,,,,
19287,,,,,,
19567,,,,,,
21156.44,,,,,,
21191.44,,,,,,
21330,,,,,,
25070,,,,,,
25743,,,,,,
27881,,,,,,
28266,,,,,,
32797,,,,,,
32865,,,,,,
33009,,,,,,
33010,,,,,,
40808,,,,,,
43125,,,,,,
43126,,,,,,
60981,,,,,,
110168,,,,,,
110973,,,,,,
112011,,,,,,
116052,,,,,,
116351,,,,,,
116536,,,,,,
118751,,,,,,
118788,,,,,,
118789,,,,,,
118791,,,,,,
118794,,,,,,
118903,,,,,,
118904,,,,,,
119210,,,,,,
119232,,,,,,
119874,,,,,,
119908,,,,,,
120007,,,,,,
120350,,,,,,
122589,,,,,,
122592.18,,,,,,
126123,,,,,,
126559,,,,,,
128220,,,,,,
128605,,,,,,
128608,,,,,,
129146,,,,,,
129220,,,,,,
129221,,,,,,
129305,,,,,,
129539,,,,,,
129569,,,,,,
129579,,,,,,
129580,,,,,,
129756,,,,,,
129756,,,,,,
129802,,,,,,
129854,,,,,,
129872,,,,,,
129948,,,,,,
129955,,,,,,
129956,,,,,,
139754,,,,,,
139949,,,,,,
139954,,,,,,
147866,,,,,,
149568,,,,,,
149569,,,,,,
159945,,,,,,
170555,,,,,,
170660,,,,,,
170663,,,,,,
170664,,,,,,
171016,,,,,,
171322,,,,,,
171323,,,,,,
171324,,,,,,
173675,,,,,,
174851,,,,,,
175203,,,,,,
176000,,,,,,
176002,,,,,,
176003,,,,,,
176004,,,,,,
176005,,,,,,
176006,,,,,,
176007,,,,,,
176008,,,,,,
176009,,,,,,
179457,,,,,,
179458,,,,,,
179473,,,,,,
179474,,,,,,
179474,,,,,,
179482,,,,,,
179483,,,,,,
179484,,,,,,
179508,,,,,,
179600,,,,,,
179601,,,,,,
179754,,,,,,
179761,,,,,,
179874,,,,,,
179875,,,,,,
179876,,,,,,
179877,,,,,,
179879,,,,,,
179949,,,,,,
179950,,,,,,
179951,,,,,,
179951,,,,,,
179957,,,,,,
190075,,,,,,
190363,,,,,,
190374,,,,,,
190402,,,,,,
190407,,,,,,
191012,,,,,,
191015,,,,,,
191023,,,,,,
191308,,,,,,
194507,,,,,,
196378,,,,,,
197557,,,,,,
198140,,,,,,
198141,,,,,,
199078,,,,,,
199299,,,,,,
199308,,,,,,
199472,,,,,,
199477,,,,,,
199652,,,,,,
199653,,,,,,
199654,,,,,,
199801,,,,,,
199821,,,,,,
199867,,,,,,
199951,,,,,,
199951,,,,,,
210027,,,,,,
210096,,,,,,
210097,,,,,,
210097,,,,,,
210097,,,,,,
210104,,,,,,
210146,,,,,,
210150,,,,,,
210157,,,,,,
210300,,,,,,
210700,,,,,,
215394,,,,,,
216050,,,,,,
217542,,,,,,
219308,,,,,,
219309,,,,,,
219321,,,,,,
219321,,,,,,
219508,,,,,,
219568,,,,,,
219569,,,,,,
219754,,,,,,
219949,,,,,,
219960,,,,,,
219961,,,,,,
220400,,,,,,
228614,,,,,,
228614,,,,,,
229651,,,,,,
230266,,,,,,
239650,,,,,,
240253,,,,,,
240907,,,,,,
241074,,,,,,
241802,,,,,,
245111,,,,,,
245113,,,,,,
247202,,,,,,
247202,,,,,,
247516,,,,,,
247521,,,,,,
248218,,,,,,
248673,,,,,,
248679,,,,,,
248902,,,,,,
248902,,,,,,
249306,,,,,,
249308,,,,,,
249652,,,,,,
249652,,,,,,
249666,,,,,,
249666,,,,,,
249877,,,,,,
250010,,,,,,
250015,,,,,,
250026,,,,,,
250071,,,,,,
250084,,,,,,
250086,,,,,,
250125,,,,,,
250126,,,,,,
250200,,,,,,
250520,,,,,,
251016,,,,,,
251146,,,,,,
251148,,,,,,
251148,,,,,,
252006,,,,,,
253400,,,,,,
255567,,,,,,
255570,,,,,,
255592,,,,,,
255601,,,,,,
255634.05,,,,,,
255636,,,,,,
257723,,,,,,
257893,,,,,,
258300,,,,,,
258304.06,,,,,,
258305,,,,,,
258310,,,,,,
258311,,,,,,
258340,,,,,,
258395,,,,,,
258400,,,,,,
258403,,,,,,
258404,,,,,,
258563,,,,,,
258631,,,,,,
259148,,,,,,
259321,,,,,,
259472,,,,,,
259501,,,,,,
259502,,,,,,
259509,,,,,,
259566,,,,,,
259567,,,,,,
259568,,,,,,
259569,,,,,,
259601,,,,,,
259606,,,,,,
259615,,,,,,
259702,,,,,,
259754,,,,,,
259805,,,,,,
259810,,,,,,
259868,,,,,,
259874,,,,,,
259877,,,,,,
259878,,,,,,
259907,,,,,,
259949,,,,,,
259951,,,,,,
270050,,,,,,
270051,,,,,,
275000,,,,,,
278954,,,,,,
279321,,,,,,
280069,,,,,,
280075,,,,,,
280077,,,,,,
286002,,,,,,
286003,,,,,,
286004,,,,,,
287513,,,,,,
289308,,,,,,
289480,,,,,,
289481,,,,,,
289579,,,,,,
289997,,,,,,
290509,,,,,,
339110,,,,,,
339614,,,,,,
339802,,,,,,
340273,,,,,,
342331,,,,,,
342332,,,,,,
348111,,,,,,
348113,,,,,,
348115,,,,,,
348500,,,,,,
348716,,,,,,
349635,,,,,,
349900,,,,,,
350527,,,,,,
350623,,,,,,
350758,,,,,,
355534,,,,,,
356001,,,,,,
359440,,,,,,
360161,,,,,,
360163,,,,,,
360400,,,,,,
360792,,,,,,
361065,,,,,,
361067,,,,,,
364420,,,,,,
366030,,,,,,
366040,,,,,,
366050,,,,,,
367083,,,,,,
368105,,,,,,
368495,,,,,,
369173,,,,,,
369308,,,,,,
369457,,,,,,
369462,,,,,,
369754,,,,,,
369801,,,,,,
369952,,,,,,
369953,,,,,,
371016,,,,,,
379146,,,,,,
379148,,,,,,
379754,,,,,,
379949,,,,,,
379956,,,,,,
381021,,,,,,
381590,,,,,,
382322,,,,,,
382357,,,,,,
382380,,,,,,
382396,,,,,,
382416,,,,,,
382417,,,,,,
382429,,,,,,
382432,,,,,,
382436,,,,,,
390015,,,,,,
390063,,,,,,
390064,,,,,,
390174,,,,,,
390262,,,,,,
390500,,,,,,
390914,,,,,,
391120,,,,,,
391132,,,,,,
391191,,,,,,
391694,,,,,,
391724,,,,,,
392105,,,,,,
392146,,,,,,
392148,,,,,,
392160,,,,,,
392162,,,,,,
392163,,,,,,
392179,,,,,,
392207,,,,,,
392322,,,,,,
392350,,,,,,
392413,,,,,,
392445,,,,,,
392704,,,,,,
393092,,,,,,
394090,,,,,,
394700,,,,,,
395023,,,,,,
395024,,,,,,
395083,,,,,,
395207,,,,,,
395302,,,,,,
395421,,,,,,
395682,,,,,,
395907,,,,,,
395908,,,,,,
396128,,,,,,
396214,,,,,,
396258,,,,,,
396500,,,,,,
396585,,,,,,
397040,,,,,,
397211,,,,,,
397778,,,,,,
397999,,,,,,
398050,,,,,,
398107,,,,,,
398108,,,,,,
398164,,,,,,
398222,,,,,,
398525,,,,,,
398532,,,,,,
398883,,,,,,
398895,,,,,,
399096,,,,,,
399110,,,,,,
399117,,,,,,
399314.18,,,,,,
399400,,,,,,
399414,,,,,,
399417,,,,,,
399421,,,,,,
399550,,,,,,
399688,,,,,,
399701,,,,,,
399708,,,,,,
399714,,,,,,
399728,,,,,,
399746,,,,,,
399749,,,,,,
399770,,,,,,
399825,,,,,,
399880,,,,,,
399945,,,,,,
399954,,,,,,
399984,,,,,,
399986,,,,,,
399987,,,,,,
400044,,,,,,
429321,,,,,,
429754,,,,,,
429949,,,,,,
429961,,,,,,
438906,,,,,,
438907,,,,,,
438909,,,,,,
439566,,,,,,
439567,,,,,,
439755,,,,,,
439830,,,,,,
439949,,,,,,
439961,,,,,,
439963,,,,,,
450056,,,,,,
459018,,,,,,
460225,,,,,,
491012,,,,,,
493460,,,,,,
493480,,,,,,
493513,,,,,,
493524,,,,,,
493528,,,,,,
493553,,,,,,
493610,,,,,,
493666,,,,,,
493705,,,,,,
493706,,,,,,
493894,,,,,,
493896,,,,,,
494046,,,,,,
494057,,,,,,
503696,,,,,,
505006,,,,,,
508110,,,,,,
508112,,,,,,
509104,,,,,,
509105,,,,,,
509106,,,,,,
509148,,,,,,
509292,,,,,,
509323,,,,,,
509457,,,,,,
509458,,,,,,
509563,,,,,,
509754,,,,,,
511012,,,,,,
511016,,,,,,
511040,,,,,,
513677,,,,,,
518221,,,,,,
519146,,,,,,
519148,,,,,,
519149,,,,,,
519213,,,,,,
519290,,,,,,
519292,,,,,,
519314,,,,,,
519321,,,,,,
519323,,,,,,
519386,,,,,,
519458,,,,,,
519754,,,,,,
519782,,,,,,
519794,,,,,,
519797,,,,,,
519801,,,,,,
519874,,,,,,
519877,,,,,,
519949,,,,,,
519956,,,,,,
519994,,,,,,
548105,,,,,,
548138,,,,,,
549148,,,,,,
549292,,,,,,
549323,,,,,,
549457,,,,,,
549754,,,,,,
551040,,,,,,
558221,,,,,,
559148,,,,,,
559321,,,,,,
559509,,,,,,
559754,,,,,,
559794,,,,,,
559795,,,,,,
559796,,,,,,
559797,,,,,,
559949,,,,,,
559956,,,,,,
559994,,,,,,
571040,,,,,,
577040,,,,,,
579148,,,,,,
579166,,,,,,
579213,,,,,,
579292,,,,,,
579308,,,,,,
579309,,,,,,
579321,,,,,,
579323,,,,,,
579490,,,,,,
579754,,,,,,
579794,,,,,,
579795,,,,,,
579796,,,,,,
579877,,,,,,
579956,,,,,,
579973,,,,,,
579994,,,,,,
581012,,,,,,
581040,,,,,,
588221,,,,,,
589146,,,,,,
589213,,,,,,
589292,,,,,,
589314,,,,,,
589321,,,,,,
589508,,,,,,
589754,,,,,,
589794,,,,,,
589795,,,,,,
589797,,,,,,
589801,,,,,,
589874,,,,,,
589877,,,,,,
589949,,,,,,
589956,,,,,,
591012,,,,,,
591016,,,,,,
593678,,,,,,
599149,,,,,,
599290,,,,,,
599314,,,,,,
599323,,,,,,
599386,,,,,,
599457,,,,,,
599458,,,,,,
599472,,,,,,
599508,,,,,,
599782,,,,,,
599804,,,,,,
599877,,,,,,
608507,,,,,,
670014,,,,,,
670155,,,,,,
670254,,,,,,
670271,,,,,,
670304,,,,,,
670319,,,,,,
670585,,,,,,
670591,,,,,,
670697,,,,,,
670698,,,,,,
671012,,,,,,
671601,,,,,,
672115,,,,,,
672900,,,,,,
673023,,,,,,
673127,,,,,,
674030,,,,,,
674040,,,,,,
674050,,,,,,
674060,,,,,,
674467,,,,,,
674473,,,,,,
674476,,,,,,
674477,,,,,,
674491,,,,,,
674595,,,,,,
677103,,,,,,
677513,,,,,,
678173,,,,,,
678459,,,,,,
678600,,,,,,
678606,,,,,,
678617,,,,,,
678904,,,,,,
678905,,,,,,
678906,,,,,,
678907,,,,,,
679055,,,,,,
679099,,,,,,
679291,,,,,,
679293,,,,,,
679304,,,,,,
679308,,,,,,
679322,,,,,,
679325,,,,,,
679530,,,,,,
679531,,,,,,
679572,,,,,,
679628,,,,,,
679652,,,,,,
679656,,,,,,
679659,,,,,,
679678,,,,,,
679681,,,,,,
679751,,,,,,
679763,,,,,,
679769,,,,,,
679803,,,,,,
679816,,,,,,
679821,,,,,,
679873,,,,,,
679908,,,,,,
709125,,,,,,
729308,,,,,,
729309,,,,,,
739125,,,,,,
739309,,,,,,
739997,,,,,,
749125,,,,,,
759997,,,,,,
789308,,,,,,
5095009,,,,,,
5095036,,,,,,
5095049,,,,,,
351020,,,,,,
393217,,,,,,
115907.04,,,,,,
115907.08,,,,,,
115907.09,,,,,,
115907.29,,,,,,
115907.4,,,,,,
119053,,,,,,
119569,,,,,,
119655,,,,,,
175202,,,,,,
175204,,,,,,
175207,,,,,,
175208,,,,,,
190043,,,,,,
190044,,,,,,
360432,,,,,,
670344,,,,,,
670432,,,,,,
115907.05,,,,,,
115907.109,,,,,,
115907.11,,,,,,
115908.18,,,,,,
129853,,,,,,
191818,,,,,,
36571,,,,,,
392327,,,,,,
399095,,,,,,
679852,,,,,,
240022,,,,,,
348105,,,,,,
390118,,,,,,
519256,,,,,,
599256,,,,,,
671131,,,,,,
77015.19,,,,,,
339629,,,,,,
